test,exec_per_sec,cpu
sysmon,100,3.8
sysmon,200,6.7
sysmon,400,11.03
sysmon,800,16
sysmon,1600,24.09
sysmon,100,4.03
sysmon,200,6.57
sysmon,400,11
sysmon,800,15.97
sysmon,1600,24.53
sysmon,100,4
sysmon,200,6.74
sysmon,400,11
sysmon,800,16.2
sysmon,1600,24.47
sysmon,100,4.07
sysmon,200,6.57
sysmon,400,10.44
sysmon,800,16.03
sysmon,1600,23.96
sysmon,100,4.2
sysmon,200,6.27
sysmon,400,10.87
sysmon,800,16.23
sysmon,1600,24.1
sysmon,100,4.03
sysmon,200,6.37
sysmon,400,10.9
sysmon,800,16.23
sysmon,1600,23.61
sysmon,100,4.07
sysmon,200,6.46
sysmon,400,10.83
sysmon,800,16.06
sysmon,1600,23.86
sysmon,100,3.64
sysmon,200,6.67
sysmon,400,10.9
sysmon,800,16.3
sysmon,1600,24.1
sysmon,100,3.93
sysmon,200,6.53
sysmon,400,10.74
sysmon,800,16.23
sysmon,1600,25.07
sysmon,100,4.06
sysmon,200,6.87
sysmon,400,11.13
sysmon,800,16.43
sysmon,1600,24.27
sysmon,100,4.13
sysmon,200,6.8
sysmon,400,11.24
sysmon,800,16.24
sysmon,1600,24.87
sysmon,100,4
sysmon,200,6.89
sysmon,400,11.23
sysmon,800,16.63
sysmon,1600,24.64
sysmon,100,4.23
sysmon,200,6.66
sysmon,400,11.1
sysmon,800,16.5
sysmon,1600,25
sysmon,100,4.14
sysmon,200,6.23
sysmon,400,10.83
sysmon,800,17.5
sysmon,1600,24.37
sysmon,100,4.07
sysmon,200,6.43
sysmon,400,10.83
sysmon,800,17.46
sysmon,1600,24.5
sysmon,100,4.17
sysmon,200,6.57
sysmon,400,11.26
sysmon,800,16.7
sysmon,1600,24.29
sysmon,100,3.56
sysmon,200,6.56
sysmon,400,11.03
sysmon,800,16.73
sysmon,1600,23.89
sysmon,100,3.59
sysmon,200,6.9
sysmon,400,10.93
sysmon,800,16.9
sysmon,1600,24.2
sysmon,100,4.1
sysmon,200,6.87
sysmon,400,11.03
sysmon,800,16.41
sysmon,1600,24.21
sysmon,100,3.9
sysmon,200,6.86
sysmon,400,11.23
sysmon,800,16.47
sysmon,1600,24.4
sysmon,100,4
sysmon,200,6.97
sysmon,400,11.27
sysmon,800,16.66
sysmon,1600,25.07
sysmon,100,4.1
sysmon,200,6.44
sysmon,400,10.11
sysmon,800,17
sysmon,1600,24.87
sysmon,100,4.1
sysmon,200,6.67
sysmon,400,10.5
sysmon,800,16.44
sysmon,1600,25.23
sysmon,100,3.97
sysmon,200,6.29
sysmon,400,11.14
sysmon,800,16.6
sysmon,1600,24.73
sysmon,100,4.07
sysmon,200,6.3
sysmon,400,11.27
sysmon,800,16.74
sysmon,1600,24.67
sysmon,100,4.04
sysmon,200,6.4
sysmon,400,11.42
sysmon,800,17.23
sysmon,1600,24.1
sysmon,100,3.74
sysmon,200,6.47
sysmon,400,11.04
sysmon,800,17.57
sysmon,1600,24.56
sysmon,100,3.96
sysmon,200,6.84
sysmon,400,11.16
sysmon,800,16.77
sysmon,1600,23.6
sysmon,100,3.96
sysmon,200,6.81
sysmon,400,11.13
sysmon,800,16.96
sysmon,1600,23.8
sysmon,100,4.1
sysmon,200,6.84
sysmon,400,11.13
sysmon,800,16.86
sysmon,1600,24.57
sysmon,100,4.13
sysmon,200,6.7
sysmon,400,11
sysmon,800,16.76
sysmon,1600,24.67
sysmon,100,4.2
sysmon,200,6.97
sysmon,400,10.71
sysmon,800,16.87
sysmon,1600,24.7
sysmon,100,4.07
sysmon,200,6.56
sysmon,400,10.6
sysmon,800,16.47
sysmon,1600,25
sysmon,100,3.96
sysmon,200,6.33
sysmon,400,11.31
sysmon,800,16.73
sysmon,1600,24.63
sysmon,100,3.83
sysmon,200,6.9
sysmon,400,11.23
sysmon,800,16.53
sysmon,1600,24.84
sysmon,100,3.86
sysmon,200,6.47
sysmon,400,10.63
sysmon,800,16.63
sysmon,1600,24.13
sysmon,100,3.8
sysmon,200,6.7
sysmon,400,11.27
sysmon,800,16.8
sysmon,1600,24.1
sysmon,100,4.03
sysmon,200,6.83
sysmon,400,11.23
sysmon,800,16.56
sysmon,1600,24.14
sysmon,100,4.2
sysmon,200,6.97
sysmon,400,11.2
sysmon,800,16.67
sysmon,1600,24.87
sysmon,100,4.17
sysmon,200,6.74
sysmon,400,11.03
sysmon,800,16.8
sysmon,1600,25
sysmon,100,4.17
sysmon,200,6.77
sysmon,400,10.93
sysmon,800,17.07
sysmon,1600,24.53
sysmon,100,4.09
sysmon,200,6.13
sysmon,400,11.09
sysmon,800,16.64
sysmon,1600,24.96
sysmon,100,4.07
sysmon,200,6.57
sysmon,400,11.13
sysmon,800,16.5
sysmon,1600,24.87
sysmon,100,4.03
sysmon,200,6.76
sysmon,400,10.67
sysmon,800,16.59
sysmon,1600,24.73
sysmon,100,3.96
sysmon,200,6.93
sysmon,400,11.06
sysmon,800,16.7
sysmon,1600,23.87
sysmon,100,4
sysmon,200,6.8
sysmon,400,11.37
sysmon,800,16.29
sysmon,1600,24.4
sysmon,100,4.2
sysmon,200,6.9
sysmon,400,11.03
sysmon,800,16.37
sysmon,1600,24.73
sysmon,100,4.06
sysmon,200,6.83
sysmon,400,10.93
sysmon,800,16.54
sysmon,1600,24.87
sysmon,100,4.07
sysmon,200,6.73
sysmon,400,10.37
sysmon,800,16.24
sysmon,1600,25.04
sysmon,100,4.04
sysmon,200,6.36
sysmon,400,11.07
sysmon,800,16.51
sysmon,1600,24.66
sysmon,100,4.23
sysmon,200,6.33
sysmon,400,11.17
sysmon,800,17.24
sysmon,1600,24.9
sysmon,100,3.84
sysmon,200,6.77
sysmon,400,11.1
sysmon,800,16.23
sysmon,1600,24.86
sysmon,100,3.67
sysmon,200,6.81
sysmon,400,11.16
sysmon,800,16.5
sysmon,1600,23.53
sysmon,100,4.14
sysmon,200,6.2
sysmon,400,10.73
sysmon,800,17.4
sysmon,1600,24.03
sysmon,100,4.04
sysmon,200,6.9
sysmon,400,11.23
sysmon,800,16.8
sysmon,1600,23.57
sysmon,100,4.14
sysmon,200,6.77
sysmon,400,11.34
sysmon,800,16.67
sysmon,1600,24.83
sysmon,100,3.77
sysmon,200,6.93
sysmon,400,10.94
sysmon,800,17.07
sysmon,1600,23.84
sysmon,100,3.64
sysmon,200,6.47
sysmon,400,10.6
sysmon,800,16.77
sysmon,1600,23.81
sysmon,100,3.63
sysmon,200,6.59
sysmon,400,11.13
sysmon,800,17.3
sysmon,1600,24.37
sysmon,100,4.49
sysmon,200,7.8
sysmon,400,11.43
sysmon,800,17.7
sysmon,1600,24.24
sysmon,100,3.86
sysmon,200,6.66
sysmon,400,10.97
sysmon,800,17.8
sysmon,1600,24.03
sysmon,100,3.84
sysmon,200,6.47
sysmon,400,10.91
sysmon,800,17.63
sysmon,1600,24.16
sysmon,100,4.16
sysmon,200,7.54
sysmon,400,11.6
sysmon,800,17.83
sysmon,1600,25.07
sysmon,100,4.66
sysmon,200,7.1
sysmon,400,11.44
sysmon,800,17.66
sysmon,1600,24.17
sysmon,100,3.67
sysmon,200,6.47
sysmon,400,10.94
sysmon,800,17.29
sysmon,1600,23.77
sysmon,100,3.73
sysmon,200,6.77
sysmon,400,11.1
sysmon,800,16.79
sysmon,1600,24.13
sysmon,100,3.93
sysmon,200,7.04
sysmon,400,10.76
sysmon,800,17.1
sysmon,1600,24.36
sysmon,100,4
sysmon,200,6.79
sysmon,400,10.96
sysmon,800,16.87
sysmon,1600,24.73
sysmon,100,4.03
sysmon,200,6.83
sysmon,400,10.87
sysmon,800,17
sysmon,1600,24.36
sysmon,100,3.93
sysmon,200,7.23
sysmon,400,12.21
sysmon,800,18.37
sysmon,1600,24.87
sysmon,100,3.96
sysmon,200,6.44
sysmon,400,11.04
sysmon,800,17.57
sysmon,1600,24
sysmon,100,3.8
sysmon,200,6.6
sysmon,400,10.8
sysmon,800,16.3
sysmon,1600,24.39
sysmon,100,3.9
sysmon,200,6.89
sysmon,400,11.13
sysmon,800,16.24
sysmon,1600,24.59
sysmon,100,4.17
sysmon,200,6.77
sysmon,400,11.27
sysmon,800,16.43
sysmon,1600,24.29
sysmon,100,4.17
sysmon,200,6.63
sysmon,400,11.03
sysmon,800,16.51
sysmon,1600,24.73
sysmon,100,4.13
sysmon,200,6.81
sysmon,400,10.87
sysmon,800,16.51
sysmon,1600,24.44
sysmon,100,4.17
sysmon,200,6.7
sysmon,400,11.03
sysmon,800,16.6
sysmon,1600,23.97
sysmon,100,4.23
sysmon,200,6.73
sysmon,400,10.4
sysmon,800,16.57
sysmon,1600,24.63
sysmon,100,4.14
sysmon,200,6.54
sysmon,400,11.2
sysmon,800,16.57
sysmon,1600,24.5
sysmon,100,4.04
sysmon,200,6.44
sysmon,400,11
sysmon,800,16.7
sysmon,1600,24.26
sysmon,100,3.83
sysmon,200,6.57
sysmon,400,11.13
sysmon,800,16.47
sysmon,1600,24.33
sysmon,100,3.7
sysmon,200,6.89
sysmon,400,11.1
sysmon,800,16.53
sysmon,1600,23.9
sysmon,100,4.06
sysmon,200,6.93
sysmon,400,10.9
sysmon,800,16.37
sysmon,1600,24
sysmon,100,4.2
sysmon,200,6.84
sysmon,400,11.09
sysmon,800,16.27
sysmon,1600,24.8
sysmon,100,4.17
sysmon,200,6.77
sysmon,400,10.96
sysmon,800,16.47
sysmon,1600,24.8
sysmon,100,3.94
sysmon,200,6.9
sysmon,400,10.64
sysmon,800,16.73
sysmon,1600,25.2
sysmon,100,4.04
sysmon,200,6.93
sysmon,400,10.3
sysmon,800,16.53
sysmon,1600,24.23
sysmon,100,3.77
sysmon,200,6.31
sysmon,400,11.2
sysmon,800,16.7
sysmon,1600,24.41
sysmon,100,4.17
sysmon,200,6.77
sysmon,400,10.74
sysmon,800,16.67
sysmon,1600,24.96
sysmon,100,3.7
sysmon,200,6.8
sysmon,400,11
sysmon,800,16.5
sysmon,1600,22.97
sysmon,100,3.56
sysmon,200,6.93
sysmon,400,11.13
sysmon,800,16.34
sysmon,1600,24.27
sysmon,100,4.24
sysmon,200,6.87
sysmon,400,11.3
sysmon,800,16.47
sysmon,1600,23.47
sysmon,100,4.23
sysmon,200,6.6
sysmon,400,11.47
sysmon,800,16.54
sysmon,1600,23.53
sysmon,100,4.17
sysmon,200,6.76
sysmon,400,11.27
sysmon,800,16.46
sysmon,1600,24.6
sysmon,100,4.17
sysmon,200,6.77
sysmon,400,10.83
sysmon,800,16.73
sysmon,1600,24.6
sysmon,100,4.2
sysmon,200,6.8
sysmon,400,10.4
sysmon,800,16.46
sysmon,1600,24.91
sysmon,100,4.04
sysmon,200,6.83
sysmon,400,10.4
sysmon,800,16.59
sysmon,1600,24.94
sysmon,100,4.13
sysmon,200,6.37
sysmon,400,11.11
sysmon,800,16.47
sysmon,1600,24.64
sysmon,100,3.8
sysmon,200,6.9
sysmon,400,11.2
sysmon,800,16.87
sysmon,1600,24.77
sysmon,100,3.83
sysmon,200,6.87
sysmon,400,11.37
sysmon,800,16.27
sysmon,1600,24.6
sysmon,100,3.9
sysmon,200,6.83
sysmon,400,11.13
sysmon,800,16.51
sysmon,1600,23.87
sysmonRawsys,100,4.2
sysmonRawsys,200,6.8
sysmonRawsys,400,11.43
sysmonRawsys,800,15.86
sysmonRawsys,1600,24.39
sysmonRawsys,100,4.1
sysmonRawsys,200,6.46
sysmonRawsys,400,11.07
sysmonRawsys,800,16
sysmonRawsys,1600,23.76
sysmonRawsys,100,4.2
sysmonRawsys,200,6.76
sysmonRawsys,400,10.86
sysmonRawsys,800,16.1
sysmonRawsys,1600,24.17
sysmonRawsys,100,4.17
sysmonRawsys,200,6.7
sysmonRawsys,400,11.1
sysmonRawsys,800,16.34
sysmonRawsys,1600,24.54
sysmonRawsys,100,4.04
sysmonRawsys,200,6.77
sysmonRawsys,400,10.5
sysmonRawsys,800,16.13
sysmonRawsys,1600,24.07
sysmonRawsys,100,3.87
sysmonRawsys,200,6.67
sysmonRawsys,400,10.24
sysmonRawsys,800,16.27
sysmonRawsys,1600,24.31
sysmonRawsys,100,4
sysmonRawsys,200,6.77
sysmonRawsys,400,10.8
sysmonRawsys,800,16.27
sysmonRawsys,1600,24.41
sysmonRawsys,100,4.03
sysmonRawsys,200,6.24
sysmonRawsys,400,10.93
sysmonRawsys,800,16.36
sysmonRawsys,1600,24.5
sysmonRawsys,100,4.1
sysmonRawsys,200,6.27
sysmonRawsys,400,10.9
sysmonRawsys,800,16.3
sysmonRawsys,1600,24.93
sysmonRawsys,100,3.56
sysmonRawsys,200,6.74
sysmonRawsys,400,11.23
sysmonRawsys,800,16.17
sysmonRawsys,1600,24.1
sysmonRawsys,100,4.07
sysmonRawsys,200,6.83
sysmonRawsys,400,11.27
sysmonRawsys,800,16.17
sysmonRawsys,1600,23.06
sysmonRawsys,100,4.1
sysmonRawsys,200,6.77
sysmonRawsys,400,11
sysmonRawsys,800,16.27
sysmonRawsys,1600,23.47
sysmonRawsys,100,4.13
sysmonRawsys,200,6.7
sysmonRawsys,400,10.94
sysmonRawsys,800,16
sysmonRawsys,1600,24.5
sysmonRawsys,100,4.13
sysmonRawsys,200,6.53
sysmonRawsys,400,10.76
sysmonRawsys,800,16.53
sysmonRawsys,1600,24.17
sysmonRawsys,100,3.9
sysmonRawsys,200,6.77
sysmonRawsys,400,10.3
sysmonRawsys,800,16.17
sysmonRawsys,1600,23.56
sysmonRawsys,100,4.1
sysmonRawsys,200,6.5
sysmonRawsys,400,10.27
sysmonRawsys,800,16.1
sysmonRawsys,1600,23.79
sysmonRawsys,100,4.19
sysmonRawsys,200,6.27
sysmonRawsys,400,11.23
sysmonRawsys,800,16.2
sysmonRawsys,1600,24.57
sysmonRawsys,100,3.67
sysmonRawsys,200,6.63
sysmonRawsys,400,11.03
sysmonRawsys,800,16.16
sysmonRawsys,1600,23.47
sysmonRawsys,100,3.9
sysmonRawsys,200,6.6
sysmonRawsys,400,11.13
sysmonRawsys,800,16.37
sysmonRawsys,1600,23.84
sysmonRawsys,100,3.94
sysmonRawsys,200,6.54
sysmonRawsys,400,11.06
sysmonRawsys,800,16.33
sysmonRawsys,1600,23.83
sysmonRawsys,100,4.13
sysmonRawsys,200,6.74
sysmonRawsys,400,11.27
sysmonRawsys,800,16.4
sysmonRawsys,1600,24.23
sysmonRawsys,100,4.1
sysmonRawsys,200,6.67
sysmonRawsys,400,11.27
sysmonRawsys,800,16.34
sysmonRawsys,1600,24.19
sysmonRawsys,100,3.97
sysmonRawsys,200,6.54
sysmonRawsys,400,10.96
sysmonRawsys,800,16.26
sysmonRawsys,1600,24.06
sysmonRawsys,100,3.87
sysmonRawsys,200,6.67
sysmonRawsys,400,10.86
sysmonRawsys,800,16.33
sysmonRawsys,1600,24.4
sysmonRawsys,100,4.13
sysmonRawsys,200,6.17
sysmonRawsys,400,11
sysmonRawsys,800,16.37
sysmonRawsys,1600,24.27
sysmonRawsys,100,3.86
sysmonRawsys,200,6.57
sysmonRawsys,400,10.77
sysmonRawsys,800,16.06
sysmonRawsys,1600,24
sysmonRawsys,100,3.9
sysmonRawsys,200,6.77
sysmonRawsys,400,11.03
sysmonRawsys,800,16.8
sysmonRawsys,1600,24
sysmonRawsys,100,3.94
sysmonRawsys,200,6.83
sysmonRawsys,400,11.27
sysmonRawsys,800,16.36
sysmonRawsys,1600,23.44
sysmonRawsys,100,3.96
sysmonRawsys,200,6.77
sysmonRawsys,400,10.9
sysmonRawsys,800,16.57
sysmonRawsys,1600,24.64
sysmonRawsys,100,3.93
sysmonRawsys,200,6.73
sysmonRawsys,400,11.13
sysmonRawsys,800,16.1
sysmonRawsys,1600,24.33
sysmonRawsys,100,4.07
sysmonRawsys,200,6.74
sysmonRawsys,400,10.7
sysmonRawsys,800,16.5
sysmonRawsys,1600,24.03
sysmonRawsys,100,4
sysmonRawsys,200,6.7
sysmonRawsys,400,10.59
sysmonRawsys,800,16.3
sysmonRawsys,1600,24.54
sysmonRawsys,100,3.94
sysmonRawsys,200,6.14
sysmonRawsys,400,10.97
sysmonRawsys,800,16.66
sysmonRawsys,1600,24.7
sysmonRawsys,100,4.14
sysmonRawsys,200,6.14
sysmonRawsys,400,9.79
sysmonRawsys,800,16.63
sysmonRawsys,1600,24.13
sysmonRawsys,100,3.63
sysmonRawsys,200,6.87
sysmonRawsys,400,11
sysmonRawsys,800,16.74
sysmonRawsys,1600,24.1
sysmonRawsys,100,4
sysmonRawsys,200,6.83
sysmonRawsys,400,11.17
sysmonRawsys,800,16.33
sysmonRawsys,1600,22.33
sysmonRawsys,100,3.57
sysmonRawsys,200,6.03
sysmonRawsys,400,10.97
sysmonRawsys,800,16.53
sysmonRawsys,1600,23.33
sysmonRawsys,100,4.2
sysmonRawsys,200,6.83
sysmonRawsys,400,10.7
sysmonRawsys,800,16.2
sysmonRawsys,1600,24.36
sysmonRawsys,100,4.07
sysmonRawsys,200,6.7
sysmonRawsys,400,11.03
sysmonRawsys,800,16.3
sysmonRawsys,1600,24.8
sysmonRawsys,100,3.97
sysmonRawsys,200,6.89
sysmonRawsys,400,10.61
sysmonRawsys,800,16.39
sysmonRawsys,1600,24.37
sysmonRawsys,100,3.83
sysmonRawsys,200,6.8
sysmonRawsys,400,10.44
sysmonRawsys,800,16.43
sysmonRawsys,1600,24.26
sysmonRawsys,100,3.94
sysmonRawsys,200,6.13
sysmonRawsys,400,11.23
sysmonRawsys,800,16.43
sysmonRawsys,1600,24.47
sysmonRawsys,100,4.07
sysmonRawsys,200,6.63
sysmonRawsys,400,10.99
sysmonRawsys,800,16.1
sysmonRawsys,1600,23.8
sysmonRawsys,100,3.63
sysmonRawsys,200,6.67
sysmonRawsys,400,11.03
sysmonRawsys,800,16.17
sysmonRawsys,1600,24.13
sysmonRawsys,100,3.67
sysmonRawsys,200,6.51
sysmonRawsys,400,10.96
sysmonRawsys,800,16.2
sysmonRawsys,1600,23.5
sysmonRawsys,100,4.01
sysmonRawsys,200,6.64
sysmonRawsys,400,11.07
sysmonRawsys,800,16.26
sysmonRawsys,1600,23.07
sysmonRawsys,100,4.17
sysmonRawsys,200,6.87
sysmonRawsys,400,11.24
sysmonRawsys,800,16.8
sysmonRawsys,1600,23.17
sysmonRawsys,100,4.17
sysmonRawsys,200,6.86
sysmonRawsys,400,10.93
sysmonRawsys,800,16.09
sysmonRawsys,1600,24.8
sysmonRawsys,100,4.07
sysmonRawsys,200,6.57
sysmonRawsys,400,10.6
sysmonRawsys,800,16.27
sysmonRawsys,1600,24.44
sysmonRawsys,100,3.99
sysmonRawsys,200,6.5
sysmonRawsys,400,10.54
sysmonRawsys,800,16.57
sysmonRawsys,1600,24.4
sysmonRawsys,100,3.83
sysmonRawsys,200,6.41
sysmonRawsys,400,10.63
sysmonRawsys,800,16.34
sysmonRawsys,1600,24.13
sysmonRawsys,100,4
sysmonRawsys,200,6.49
sysmonRawsys,400,10.53
sysmonRawsys,800,16.47
sysmonRawsys,1600,24.36
sysmonRawsys,100,3.6
sysmonRawsys,200,6.47
sysmonRawsys,400,10.9
sysmonRawsys,800,16.43
sysmonRawsys,1600,24.3
sysmonRawsys,100,3.76
sysmonRawsys,200,6.77
sysmonRawsys,400,11.1
sysmonRawsys,800,16.6
sysmonRawsys,1600,24.8
sysmonRawsys,100,3.97
sysmonRawsys,200,6.77
sysmonRawsys,400,11.2
sysmonRawsys,800,16.27
sysmonRawsys,1600,23.47
sysmonRawsys,100,4.1
sysmonRawsys,200,6.57
sysmonRawsys,400,11.13
sysmonRawsys,800,16.27
sysmonRawsys,1600,24.2
sysmonRawsys,100,3.93
sysmonRawsys,200,6.76
sysmonRawsys,400,11.04
sysmonRawsys,800,16.51
sysmonRawsys,1600,24.27
sysmonRawsys,100,4.13
sysmonRawsys,200,6.7
sysmonRawsys,400,10.93
sysmonRawsys,800,16.17
sysmonRawsys,1600,24.19
sysmonRawsys,100,4.06
sysmonRawsys,200,6.7
sysmonRawsys,400,10.9
sysmonRawsys,800,16.2
sysmonRawsys,1600,24.5
sysmonRawsys,100,4.1
sysmonRawsys,200,6.4
sysmonRawsys,400,10.8
sysmonRawsys,800,16.43
sysmonRawsys,1600,24.1
sysmonRawsys,100,4.1
sysmonRawsys,200,6.4
sysmonRawsys,400,11.17
sysmonRawsys,800,16.27
sysmonRawsys,1600,24.56
sysmonRawsys,100,4
sysmonRawsys,200,6.16
sysmonRawsys,400,10.96
sysmonRawsys,800,18.57
sysmonRawsys,1600,29.63
sysmonRawsys,100,4.94
sysmonRawsys,200,8.27
sysmonRawsys,400,13.53
sysmonRawsys,800,19.47
sysmonRawsys,1600,29.53
sysmonRawsys,100,4.97
sysmonRawsys,200,8.47
sysmonRawsys,400,13.77
sysmonRawsys,800,20.27
sysmonRawsys,1600,29.09
sysmonRawsys,100,4.8
sysmonRawsys,200,8.43
sysmonRawsys,400,13.41
sysmonRawsys,800,19.63
sysmonRawsys,1600,29.16
sysmonRawsys,100,5.3
sysmonRawsys,200,8.36
sysmonRawsys,400,13.69
sysmonRawsys,800,19.73
sysmonRawsys,1600,29.24
sysmonRawsys,100,5.17
sysmonRawsys,200,8.24
sysmonRawsys,400,13.4
sysmonRawsys,800,20.06
sysmonRawsys,1600,28.57
sysmonRawsys,100,5.1
sysmonRawsys,200,8.36
sysmonRawsys,400,13.7
sysmonRawsys,800,19.7
sysmonRawsys,1600,29.99
sysmonRawsys,100,5.17
sysmonRawsys,200,8.1
sysmonRawsys,400,13.07
sysmonRawsys,800,19.86
sysmonRawsys,1600,29.64
sysmonRawsys,100,5.47
sysmonRawsys,200,8.33
sysmonRawsys,400,12.93
sysmonRawsys,800,19.56
sysmonRawsys,1600,29.77
sysmonRawsys,100,4.77
sysmonRawsys,200,7.07
sysmonRawsys,400,13
sysmonRawsys,800,20.23
sysmonRawsys,1600,28.6
sysmonRawsys,100,5.3
sysmonRawsys,200,7.54
sysmonRawsys,400,13.27
sysmonRawsys,800,20.03
sysmonRawsys,1600,29.74
sysmonRawsys,100,5.07
sysmonRawsys,200,7.66
sysmonRawsys,400,13.09
sysmonRawsys,800,20.37
sysmonRawsys,1600,29.86
sysmonRawsys,100,4.9
sysmonRawsys,200,8.4
sysmonRawsys,400,13.23
sysmonRawsys,800,19.4
sysmonRawsys,1600,29.87
sysmonRawsys,100,4.87
sysmonRawsys,200,8.47
sysmonRawsys,400,13.3
sysmonRawsys,800,19.97
sysmonRawsys,1600,29.34
sysmonRawsys,100,4.8
sysmonRawsys,200,8.43
sysmonRawsys,400,13.17
sysmonRawsys,800,19.77
sysmonRawsys,1600,28.46
sysmonRawsys,100,5.26
sysmonRawsys,200,8.33
sysmonRawsys,400,13.23
sysmonRawsys,800,19.54
sysmonRawsys,1600,29.43
sysmonRawsys,100,5.27
sysmonRawsys,200,8.23
sysmonRawsys,400,12.91
sysmonRawsys,800,19.8
sysmonRawsys,1600,29.5
sysmonRawsys,100,5.03
sysmonRawsys,200,8.33
sysmonRawsys,400,13.44
sysmonRawsys,800,19.77
sysmonRawsys,1600,29.07
sysmonRawsys,100,5.13
sysmonRawsys,200,8.37
sysmonRawsys,400,12.77
sysmonRawsys,800,20
sysmonRawsys,1600,29.8
sysmonRawsys,100,5.2
sysmonRawsys,200,8.3
sysmonRawsys,400,13.17
sysmonRawsys,800,19.97
sysmonRawsys,1600,30.24
sysmonRawsys,100,5.19
sysmonRawsys,200,8.36
sysmonRawsys,400,12.9
sysmonRawsys,800,19.5
sysmonRawsys,1600,29.3
sysmonRawsys,100,5.17
sysmonRawsys,200,8.04
sysmonRawsys,400,13.17
sysmonRawsys,800,19.73
sysmonRawsys,1600,29.8
sysmonRawsys,100,4.77
sysmonRawsys,200,8.43
sysmonRawsys,400,13.3
sysmonRawsys,800,19.96
sysmonRawsys,1600,29.56
sysmonRawsys,100,3.83
sysmonRawsys,200,6.6
sysmonRawsys,400,10.97
sysmonRawsys,800,16.2
sysmonRawsys,1600,24.49
sysmonRawsys,100,3.96
sysmonRawsys,200,6.7
sysmonRawsys,400,10.96
sysmonRawsys,800,16.47
sysmonRawsys,1600,24.76
sysmonRawsys,100,3.7
sysmonRawsys,200,6
sysmonRawsys,400,10.47
sysmonRawsys,800,16.01
sysmonRawsys,1600,23.5
sysmonRawsys,100,4.03
sysmonRawsys,200,6.77
sysmonRawsys,400,11.03
sysmonRawsys,800,16.24
sysmonRawsys,1600,24
sysmonRawsys,100,4.13
sysmonRawsys,200,6.86
sysmonRawsys,400,11.13
sysmonRawsys,800,16.53
sysmonRawsys,1600,24.67
sysmonRawsys,100,3.93
sysmonRawsys,200,6.77
sysmonRawsys,400,11.17
sysmonRawsys,800,16.46
sysmonRawsys,1600,24.7
sysmonRawsys,100,4.13
sysmonRawsys,200,6.67
sysmonRawsys,400,10.56
sysmonRawsys,800,16.43
sysmonRawsys,1600,24.46
sysmonRawsys,100,4.03
sysmonRawsys,200,6.86
sysmonRawsys,400,10.83
sysmonRawsys,800,16.33
sysmonRawsys,1600,25
sysmonRawsys,100,4.13
sysmonRawsys,200,6.27
sysmonRawsys,400,10.96
sysmonRawsys,800,16.54
sysmonRawsys,1600,24.43
sysmonRawsys,100,3.83
sysmonRawsys,200,6.06
sysmonRawsys,400,10.63
sysmonRawsys,800,16.16
sysmonRawsys,1600,23.66
sysmonRawsys,100,3.59
sysmonRawsys,200,6.6
sysmonRawsys,400,11.1
sysmonRawsys,800,16.44
sysmonRawsys,1600,24.23
sysmonRawsys,100,3.7
sysmonRawsys,200,6.64
sysmonRawsys,400,11.26
sysmonRawsys,800,16.26
sysmonRawsys,1600,23.7
sysmonRawsys,100,4
sysmonRawsys,200,6.73
sysmonRawsys,400,10.9
sysmonRawsys,800,16.61
sysmonRawsys,1600,23.59
sysmonRawsys,100,4.04
sysmonRawsys,200,6.8
sysmonRawsys,400,11
sysmonRawsys,800,16.33
sysmonRawsys,1600,23.3
sysmonRawsys,100,4.17
sysmonRawsys,200,6.83
sysmonRawsys,400,10.89
sysmonRawsys,800,16.24
sysmonRawsys,1600,24.77
sysmonRawsys,100,4.16
sysmonRawsys,200,6.76
sysmonRawsys,400,11.03
sysmonRawsys,800,16.6
sysmonRawsys,1600,24.43
sysmonRawsys,100,4
sysmonRawsys,200,6.77
sysmonRawsys,400,10.67
sysmonRawsys,800,16.3
sysmonRawsys,1600,24.73
sysmonSys,100,4.03
sysmonSys,200,6.5
sysmonSys,400,10.23
sysmonSys,800,15.76
sysmonSys,1600,23.47
sysmonSys,100,4.07
sysmonSys,200,6.54
sysmonSys,400,10.17
sysmonSys,800,15.9
sysmonSys,1600,23.54
sysmonSys,100,4.07
sysmonSys,200,6.57
sysmonSys,400,10.57
sysmonSys,800,16
sysmonSys,1600,23.56
sysmonSys,100,4.06
sysmonSys,200,6.2
sysmonSys,400,10.93
sysmonSys,800,16.03
sysmonSys,1600,23.73
sysmonSys,100,4.07
sysmonSys,200,5.83
sysmonSys,400,10.67
sysmonSys,800,16.2
sysmonSys,1600,23.93
sysmonSys,100,3.93
sysmonSys,200,6.57
sysmonSys,400,11.2
sysmonSys,800,16.13
sysmonSys,1600,23.87
sysmonSys,100,3.63
sysmonSys,200,6.64
sysmonSys,400,10.7
sysmonSys,800,15.59
sysmonSys,1600,23.23
sysmonSys,100,3.53
sysmonSys,200,6.73
sysmonSys,400,10.9
sysmonSys,800,16.2
sysmonSys,1600,23.73
sysmonSys,100,4.13
sysmonSys,200,6.67
sysmonSys,400,11.19
sysmonSys,800,16.53
sysmonSys,1600,22.87
sysmonSys,100,4.27
sysmonSys,200,6.8
sysmonSys,400,10.84
sysmonSys,800,16.43
sysmonSys,1600,23.31
sysmonSys,100,3.83
sysmonSys,200,6.6
sysmonSys,400,9.86
sysmonSys,800,16.37
sysmonSys,1600,24.07
sysmonSys,100,4.2
sysmonSys,200,6.86
sysmonSys,400,10.73
sysmonSys,800,15.96
sysmonSys,1600,24.03
sysmonSys,100,4.17
sysmonSys,200,6.77
sysmonSys,400,10.5
sysmonSys,800,16.37
sysmonSys,1600,24.4
sysmonSys,100,3.91
sysmonSys,200,6.57
sysmonSys,400,11.1
sysmonSys,800,18.5
sysmonSys,1600,25.7
sysmonSys,100,4.5
sysmonSys,200,6.87
sysmonSys,400,10.87
sysmonSys,800,17.43
sysmonSys,1600,23.85
sysmonSys,100,3.76
sysmonSys,200,6.46
sysmonSys,400,11.13
sysmonSys,800,17.57
sysmonSys,1600,23.8
sysmonSys,100,3.86
sysmonSys,200,6.4
sysmonSys,400,11.16
sysmonSys,800,17.77
sysmonSys,1600,24.6
sysmonSys,100,4.63
sysmonSys,200,7.26
sysmonSys,400,11.4
sysmonSys,800,17.76
sysmonSys,1600,24.23
sysmonSys,100,4.07
sysmonSys,200,6.8
sysmonSys,400,11.77
sysmonSys,800,18
sysmonSys,1600,23.97
sysmonSys,100,4.07
sysmonSys,200,6.56
sysmonSys,400,10.84
sysmonSys,800,17.03
sysmonSys,1600,24.37
sysmonSys,100,3.9
sysmonSys,200,6.7
sysmonSys,400,10.97
sysmonSys,800,16.9
sysmonSys,1600,24.31
sysmonSys,100,3.9
sysmonSys,200,6.5
sysmonSys,400,10.97
sysmonSys,800,17.01
sysmonSys,1600,24.3
sysmonSys,100,3.83
sysmonSys,200,6.13
sysmonSys,400,10.84
sysmonSys,800,16.9
sysmonSys,1600,24.33
sysmonSys,100,3.73
sysmonSys,200,6.54
sysmonSys,400,11.27
sysmonSys,800,16.97
sysmonSys,1600,24.34
sysmonSys,100,3.67
sysmonSys,200,6.77
sysmonSys,400,10.87
sysmonSys,800,17.03
sysmonSys,1600,23.87
sysmonSys,100,3.77
sysmonSys,200,6.61
sysmonSys,400,11
sysmonSys,800,17.27
sysmonSys,1600,23.5
sysmonSys,100,3.97
sysmonSys,200,7
sysmonSys,400,10.9
sysmonSys,800,17
sysmonSys,1600,24.53
sysmonSys,100,3.94
sysmonSys,200,6.57
sysmonSys,400,11.34
sysmonSys,800,16.99
sysmonSys,1600,23.73
sysmonSys,100,3.9
sysmonSys,200,6.4
sysmonSys,400,10.66
sysmonSys,800,17.23
sysmonSys,1600,23.83
sysmonSys,100,3.71
sysmonSys,200,6.71
sysmonSys,400,10.96
sysmonSys,800,17.1
sysmonSys,1600,24.26
sysmonSys,100,3.87
sysmonSys,200,6.29
sysmonSys,400,11.31
sysmonSys,800,17.54
sysmonSys,1600,23.4
sysmonSys,100,3.96
sysmonSys,200,6.36
sysmonSys,400,10.9
sysmonSys,800,17.03
sysmonSys,1600,24.4
sysmonSys,100,3.63
sysmonSys,200,6.7
sysmonSys,400,10.94
sysmonSys,800,16.83
sysmonSys,1600,23.71
sysmonSys,100,3.84
sysmonSys,200,6.7
sysmonSys,400,11
sysmonSys,800,16.83
sysmonSys,1600,23.5
sysmonSys,100,3.94
sysmonSys,200,6.7
sysmonSys,400,11.1
sysmonSys,800,16.96
sysmonSys,1600,23.64
sysmonSys,100,4.13
sysmonSys,200,6.33
sysmonSys,400,11.1
sysmonSys,800,17.07
sysmonSys,1600,23.97
sysmonSys,100,3.86
sysmonSys,200,6.74
sysmonSys,400,11.04
sysmonSys,800,17.27
sysmonSys,1600,23.73
sysmonSys,100,3.97
sysmonSys,200,6.6
sysmonSys,400,10.73
sysmonSys,800,16.94
sysmonSys,1600,24.37
sysmonSys,100,4.04
sysmonSys,200,6.9
sysmonSys,400,10.93
sysmonSys,800,16.93
sysmonSys,1600,24.47
sysmonSys,100,3.76
sysmonSys,200,6.44
sysmonSys,400,11.4
sysmonSys,800,17.17
sysmonSys,1600,24.43
sysmonSys,100,3.9
sysmonSys,200,6.73
sysmonSys,400,11.2
sysmonSys,800,17.5
sysmonSys,1600,24.21
sysmonSys,100,3.86
sysmonSys,200,6.7
sysmonSys,400,11.37
sysmonSys,800,17.3
sysmonSys,1600,24.4
sysmonSys,100,3.87
sysmonSys,200,6.6
sysmonSys,400,11.16
sysmonSys,800,17.13
sysmonSys,1600,23.87
sysmonSys,100,3.94
sysmonSys,200,6.83
sysmonSys,400,11.17
sysmonSys,800,17.23
sysmonSys,1600,24.53
sysmonSys,100,3.7
sysmonSys,200,6.73
sysmonSys,400,11.27
sysmonSys,800,17.13
sysmonSys,1600,24.36
sysmonSys,100,3.87
sysmonSys,200,6.37
sysmonSys,400,10.9
sysmonSys,800,16.34
sysmonSys,1600,23.8
sysmonSys,100,4.11
sysmonSys,200,6.63
sysmonSys,400,11.07
sysmonSys,800,16.66
sysmonSys,1600,22.3
sysmonSys,100,3.73
sysmonSys,200,5.96
sysmonSys,400,10.76
sysmonSys,800,16.44
sysmonSys,1600,24.66
sysmonSys,100,3.83
sysmonSys,200,6.64
sysmonSys,400,11.06
sysmonSys,800,16.13
sysmonSys,1600,24.53
sysmonSys,100,3.8
sysmonSys,200,6.63
sysmonSys,400,11.07
sysmonSys,800,16
sysmonSys,1600,23.87
sysmonSys,100,4.11
sysmonSys,200,6.77
sysmonSys,400,11.2
sysmonSys,800,15.94
sysmonSys,1600,23.37
sysmonSys,100,4.17
sysmonSys,200,6.74
sysmonSys,400,11.23
sysmonSys,800,16.23
sysmonSys,1600,24.83
sysmonSys,100,4.24
sysmonSys,200,6.7
sysmonSys,400,10.83
sysmonSys,800,16.17
sysmonSys,1600,24.6
sysmonSys,100,4.1
sysmonSys,200,6.71
sysmonSys,400,11.03
sysmonSys,800,16.1
sysmonSys,1600,23.7
sysmonSys,100,4.07
sysmonSys,200,6.73
sysmonSys,400,10.51
sysmonSys,800,16.23
sysmonSys,1600,23.3
sysmonSys,100,3.97
sysmonSys,200,6.54
sysmonSys,400,10.19
sysmonSys,800,16.21
sysmonSys,1600,23.74
sysmonSys,100,4.03
sysmonSys,200,6.16
sysmonSys,400,10.74
sysmonSys,800,15.97
sysmonSys,1600,24.16
sysmonSys,100,4
sysmonSys,200,6.36
sysmonSys,400,10.9
sysmonSys,800,16.07
sysmonSys,1600,23.99
sysmonSys,100,3.53
sysmonSys,200,6.73
sysmonSys,400,10.64
sysmonSys,800,16.03
sysmonSys,1600,23.87
sysmonSys,100,3.67
sysmonSys,200,6.7
sysmonSys,400,11.1
sysmonSys,800,16.09
sysmonSys,1600,23.77
sysmonSys,100,3.8
sysmonSys,200,6.37
sysmonSys,400,10.76
sysmonSys,800,16.54
sysmonSys,1600,23.7
sysmonSys,100,3.96
sysmonSys,200,6.43
sysmonSys,400,10.96
sysmonSys,800,16.13
sysmonSys,1600,23.57
sysmonSys,100,4
sysmonSys,200,6.53
sysmonSys,400,10.7
sysmonSys,800,16.1
sysmonSys,1600,24.5
sysmonSys,100,4.2
sysmonSys,200,6.83
sysmonSys,400,10.44
sysmonSys,800,16.27
sysmonSys,1600,23.67
sysmonSys,100,3.87
sysmonSys,200,6.43
sysmonSys,400,11
sysmonSys,800,16.1
sysmonSys,1600,23.97
sysmonSys,100,3.76
sysmonSys,200,6.03
sysmonSys,400,10.87
sysmonSys,800,16.64
sysmonSys,1600,24.11
sysmonSys,100,3.97
sysmonSys,200,6.26
sysmonSys,400,10.89
sysmonSys,800,16.43
sysmonSys,1600,24.23
sysmonSys,100,3.77
sysmonSys,200,6.7
sysmonSys,400,10.94
sysmonSys,800,16.36
sysmonSys,1600,23.64
sysmonSys,100,4.14
sysmonSys,200,6.74
sysmonSys,400,10.67
sysmonSys,800,15.87
sysmonSys,1600,23.46
sysmonSys,100,3.81
sysmonSys,200,6.57
sysmonSys,400,10.89
sysmonSys,800,16.87
sysmonSys,1600,23.76
sysmonSys,100,4.17
sysmonSys,200,6.84
sysmonSys,400,11.2
sysmonSys,800,16.17
sysmonSys,1600,24.7
sysmonSys,100,4.06
sysmonSys,200,6.76
sysmonSys,400,10.57
sysmonSys,800,16.2
sysmonSys,1600,24.27
sysmonSys,100,4.16
sysmonSys,200,6.77
sysmonSys,400,10.53
sysmonSys,800,16.37
sysmonSys,1600,24.5
sysmonSys,100,3.83
sysmonSys,200,6.77
sysmonSys,400,10.73
sysmonSys,800,15.77
sysmonSys,1600,24.46
sysmonSys,100,4.07
sysmonSys,200,6.43
sysmonSys,400,11.27
sysmonSys,800,16.76
sysmonSys,1600,24.43
sysmonSys,100,3.66
sysmonSys,200,6.67
sysmonSys,400,11.1
sysmonSys,800,16.73
sysmonSys,1600,24.56
sysmonSys,100,3.9
sysmonSys,200,6.8
sysmonSys,400,11
sysmonSys,800,16.03
sysmonSys,1600,24.13
sysmonSys,100,4.23
sysmonSys,200,6.67
sysmonSys,400,10.87
sysmonSys,800,16.16
sysmonSys,1600,23.8
sysmonSys,100,4.1
sysmonSys,200,6.76
sysmonSys,400,10.91
sysmonSys,800,16.44
sysmonSys,1600,24
sysmonSys,100,4.2
sysmonSys,200,6.57
sysmonSys,400,10.89
sysmonSys,800,16.07
sysmonSys,1600,24.03
sysmonSys,100,4.2
sysmonSys,200,6.8
sysmonSys,400,10.56
sysmonSys,800,16.63
sysmonSys,1600,24.97
sysmonSys,100,4.17
sysmonSys,200,6.51
sysmonSys,400,11.07
sysmonSys,800,16.46
sysmonSys,1600,24.86
sysmonSys,100,3.86
sysmonSys,200,6.33
sysmonSys,400,10.8
sysmonSys,800,16.13
sysmonSys,1600,24.57
sysmonSys,100,3.47
sysmonSys,200,5.94
sysmonSys,400,10.1
sysmonSys,800,16.2
sysmonSys,1600,24.27
sysmonSys,100,3.73
sysmonSys,200,6.74
sysmonSys,400,11.03
sysmonSys,800,16.34
sysmonSys,1600,23.33
sysmonSys,100,4.06
sysmonSys,200,6.77
sysmonSys,400,10.97
sysmonSys,800,16.13
sysmonSys,1600,23.34
sysmonSys,100,4.07
sysmonSys,200,6.77
sysmonSys,400,10.97
sysmonSys,800,16.27
sysmonSys,1600,24
sysmonSys,100,4.26
sysmonSys,200,6.47
sysmonSys,400,11
sysmonSys,800,16.8
sysmonSys,1600,23.94
sysmonSys,100,3.93
sysmonSys,200,6.8
sysmonSys,400,10.29
sysmonSys,800,16.8
sysmonSys,1600,24.64
sysmonSys,100,3.97
sysmonSys,200,6.63
sysmonSys,400,10.7
sysmonSys,800,16.26
sysmonSys,1600,24.37
sysmonSys,100,4.2
sysmonSys,200,6.13
sysmonSys,400,11.07
sysmonSys,800,16.2
sysmonSys,1600,24.44
sysmonSys,100,3.8
sysmonSys,200,6.13
sysmonSys,400,10.41
sysmonSys,800,16
sysmonSys,1600,24.69
sysmonSys,100,3.84
sysmonSys,200,6.83
sysmonSys,400,11.17
sysmonSys,800,16.17
sysmonSys,1600,24.47
sysmonSys,100,4.07
sysmonSys,200,6.76
sysmonSys,400,11
sysmonSys,800,16.04
sysmonSys,1600,22.94
sysmonSys,100,4.03
sysmonSys,200,6.8
sysmonSys,400,11.13
sysmonSys,800,16.36
sysmonSys,1600,23.1
sysmonSys,100,4.07
sysmonSys,200,6.87
sysmonSys,400,11.1
sysmonSys,800,15.93
sysmonSys,1600,24.67
sysmonSys,100,4.1
sysmonSys,200,6.7
sysmonSys,400,11.14
sysmonSys,800,16.4
sysmonSys,1600,24.67
sysmonSys,100,4.2
sysmonSys,200,6.57
sysmonSys,400,11.07
sysmonSys,800,16.17
sysmonSys,1600,24.57
sysmonSys,100,4.1
sysmonSys,200,6.63
sysmonSys,400,10.36
sysmonSys,800,16.03
sysmonSys,1600,24.27
sysmonSys,100,4.06
sysmonSys,200,6.33
sysmonSys,400,11.17
sysmonSys,800,16.3
sysmonSys,1600,24.17
sysmonSys,100,3.83
sysmonSys,200,6.11
sysmonSys,400,11.27
sysmonSys,800,15.97
sysmonSys,1600,24.26
